[
    {
        "id": 1,
        "title": "차세대봇",
        "content": "프론트앤드와 백엔드의 우수한 클라우드 엔지니어를 양성합니다.",
        "comments": [
            {
                "id": 11,
                "content": "실제로 개발하다보면 map함수를 진짜 많이 쓰는 것 같아요😄"
            },
            {
                "id": 12,
                "content": "적용해보니 코드가 정말 간결해지네요ㅎㅎ"
            }
            
        ]
    },
    {
        "id": 2,
        "title": "데이터관리",
        "content": "클라우드 네이티브 환경의 데이터 관리에 대한 사항을 공유합니다.",
        "comments": [
            {
                "id": 21,
                "content": "이렇게 사용하는 방법이 있었군요!"
            },
            {
                "id": 22,
                "content": "좋은 글 감사합니다ㅎㅎ"
            },
            {
                "id": 23,
                "content": "쉬운 설명 감사드립니다😁"
            },
            {
                "id": 24,
                "content": "바로 코드에 적용해보겠습니다!!"
            }
        ]
    },
    {
        "id": 3,
        "title": "시스템아키텍쳐",
        "content": "쿠버네티스에 대한 사항을 공유합니다.",
        "comments": [
            {
                "id": 31,
                "content": "뭔가 어려운 개념이었는데, 글을 읽고 조금 정리가 된 것 같습니다."
            },
            {
                "id": 32,
                "content": "Hook이 뭔가 했더니 이런거였군요. 알려주셔서 감사합니다ㅎㅎ"
            },
            {
                "id": 33,
                "content": "처음에 훅을 접했을 때 너무 어려웠는데 감사합니다!👍"
            }
        ]
    }

]
    
